,YEAR_invest,TECHNOLOGIES,TECHNOLOGIES,AREA,transInvest_Dvar
0,2040,Offshore wind - floating,Offshore wind - floating,Marseille,0.0
1,2040,Offshore wind - floating,Offshore wind - floating,Nice,0.0
2,2040,Offshore wind - floating,Offshore wind - floating,Alpin,0.0
3,2040,Offshore wind - floating,ElectrolysisM,Marseille,0.0
4,2040,Offshore wind - floating,ElectrolysisM,Nice,0.0
5,2040,Offshore wind - floating,ElectrolysisM,Alpin,0.0
6,2040,Offshore wind - floating,CCS2,Marseille,0.0
7,2040,Offshore wind - floating,CCS2,Nice,0.0
8,2040,Offshore wind - floating,CCS2,Alpin,0.0
9,2040,Offshore wind - floating,Ground PV,Marseille,0.0
10,2040,Offshore wind - floating,Ground PV,Nice,0.0
11,2040,Offshore wind - floating,Ground PV,Alpin,0.0
12,2040,Offshore wind - floating,SMR,Marseille,0.0
13,2040,Offshore wind - floating,SMR,Nice,0.0
14,2040,Offshore wind - floating,SMR,Alpin,0.0
15,2040,Offshore wind - floating,SMR + CCS1,Marseille,0.0
16,2040,Offshore wind - floating,SMR + CCS1,Nice,0.0
17,2040,Offshore wind - floating,SMR + CCS1,Alpin,0.0
18,2040,Offshore wind - floating,CCS1,Marseille,0.0
19,2040,Offshore wind - floating,CCS1,Nice,0.0
20,2040,Offshore wind - floating,CCS1,Alpin,0.0
21,2040,Offshore wind - floating,ElectrolysisS,Marseille,0.0
22,2040,Offshore wind - floating,ElectrolysisS,Nice,0.0
23,2040,Offshore wind - floating,ElectrolysisS,Alpin,0.0
24,2040,Offshore wind - floating,Existing SMR,Marseille,0.0
25,2040,Offshore wind - floating,Existing SMR,Nice,0.0
26,2040,Offshore wind - floating,Existing SMR,Alpin,0.0
27,2040,Offshore wind - floating,ElectrolysisL,Marseille,0.0
28,2040,Offshore wind - floating,ElectrolysisL,Nice,0.0
29,2040,Offshore wind - floating,ElectrolysisL,Alpin,0.0
30,2040,Offshore wind - floating,SMR + CCS2,Marseille,0.0
31,2040,Offshore wind - floating,SMR + CCS2,Nice,0.0
32,2040,Offshore wind - floating,SMR + CCS2,Alpin,0.0
33,2040,Offshore wind - floating,Onshore wind,Marseille,0.0
34,2040,Offshore wind - floating,Onshore wind,Nice,0.0
35,2040,Offshore wind - floating,Onshore wind,Alpin,0.0
36,2040,ElectrolysisM,Offshore wind - floating,Marseille,0.0
37,2040,ElectrolysisM,Offshore wind - floating,Nice,0.0
38,2040,ElectrolysisM,Offshore wind - floating,Alpin,0.0
39,2040,ElectrolysisM,ElectrolysisM,Marseille,0.0
40,2040,ElectrolysisM,ElectrolysisM,Nice,0.0
41,2040,ElectrolysisM,ElectrolysisM,Alpin,0.0
42,2040,ElectrolysisM,CCS2,Marseille,0.0
43,2040,ElectrolysisM,CCS2,Nice,0.0
44,2040,ElectrolysisM,CCS2,Alpin,0.0
45,2040,ElectrolysisM,Ground PV,Marseille,0.0
46,2040,ElectrolysisM,Ground PV,Nice,0.0
47,2040,ElectrolysisM,Ground PV,Alpin,0.0
48,2040,ElectrolysisM,SMR,Marseille,0.0
49,2040,ElectrolysisM,SMR,Nice,0.0
50,2040,ElectrolysisM,SMR,Alpin,0.0
51,2040,ElectrolysisM,SMR + CCS1,Marseille,0.0
52,2040,ElectrolysisM,SMR + CCS1,Nice,0.0
53,2040,ElectrolysisM,SMR + CCS1,Alpin,0.0
54,2040,ElectrolysisM,CCS1,Marseille,0.0
55,2040,ElectrolysisM,CCS1,Nice,0.0
56,2040,ElectrolysisM,CCS1,Alpin,0.0
57,2040,ElectrolysisM,ElectrolysisS,Marseille,0.0
58,2040,ElectrolysisM,ElectrolysisS,Nice,0.0
59,2040,ElectrolysisM,ElectrolysisS,Alpin,0.0
60,2040,ElectrolysisM,Existing SMR,Marseille,0.0
61,2040,ElectrolysisM,Existing SMR,Nice,0.0
62,2040,ElectrolysisM,Existing SMR,Alpin,0.0
63,2040,ElectrolysisM,ElectrolysisL,Marseille,0.0
64,2040,ElectrolysisM,ElectrolysisL,Nice,0.0
65,2040,ElectrolysisM,ElectrolysisL,Alpin,0.0
66,2040,ElectrolysisM,SMR + CCS2,Marseille,0.0
67,2040,ElectrolysisM,SMR + CCS2,Nice,0.0
68,2040,ElectrolysisM,SMR + CCS2,Alpin,0.0
69,2040,ElectrolysisM,Onshore wind,Marseille,0.0
70,2040,ElectrolysisM,Onshore wind,Nice,0.0
71,2040,ElectrolysisM,Onshore wind,Alpin,0.0
72,2040,CCS2,Offshore wind - floating,Marseille,0.0
73,2040,CCS2,Offshore wind - floating,Nice,0.0
74,2040,CCS2,Offshore wind - floating,Alpin,0.0
75,2040,CCS2,ElectrolysisM,Marseille,0.0
76,2040,CCS2,ElectrolysisM,Nice,0.0
77,2040,CCS2,ElectrolysisM,Alpin,0.0
78,2040,CCS2,CCS2,Marseille,0.0
79,2040,CCS2,CCS2,Nice,0.0
80,2040,CCS2,CCS2,Alpin,0.0
81,2040,CCS2,Ground PV,Marseille,0.0
82,2040,CCS2,Ground PV,Nice,0.0
83,2040,CCS2,Ground PV,Alpin,0.0
84,2040,CCS2,SMR,Marseille,0.0
85,2040,CCS2,SMR,Nice,0.0
86,2040,CCS2,SMR,Alpin,0.0
87,2040,CCS2,SMR + CCS1,Marseille,0.0
88,2040,CCS2,SMR + CCS1,Nice,0.0
89,2040,CCS2,SMR + CCS1,Alpin,0.0
90,2040,CCS2,CCS1,Marseille,0.0
91,2040,CCS2,CCS1,Nice,0.0
92,2040,CCS2,CCS1,Alpin,0.0
93,2040,CCS2,ElectrolysisS,Marseille,0.0
94,2040,CCS2,ElectrolysisS,Nice,0.0
95,2040,CCS2,ElectrolysisS,Alpin,0.0
96,2040,CCS2,Existing SMR,Marseille,0.0
97,2040,CCS2,Existing SMR,Nice,0.0
98,2040,CCS2,Existing SMR,Alpin,0.0
99,2040,CCS2,ElectrolysisL,Marseille,0.0
100,2040,CCS2,ElectrolysisL,Nice,0.0
101,2040,CCS2,ElectrolysisL,Alpin,0.0
102,2040,CCS2,SMR + CCS2,Marseille,0.0
103,2040,CCS2,SMR + CCS2,Nice,0.0
104,2040,CCS2,SMR + CCS2,Alpin,0.0
105,2040,CCS2,Onshore wind,Marseille,0.0
106,2040,CCS2,Onshore wind,Nice,0.0
107,2040,CCS2,Onshore wind,Alpin,0.0
108,2040,Ground PV,Offshore wind - floating,Marseille,0.0
109,2040,Ground PV,Offshore wind - floating,Nice,0.0
110,2040,Ground PV,Offshore wind - floating,Alpin,0.0
111,2040,Ground PV,ElectrolysisM,Marseille,0.0
112,2040,Ground PV,ElectrolysisM,Nice,0.0
113,2040,Ground PV,ElectrolysisM,Alpin,0.0
114,2040,Ground PV,CCS2,Marseille,0.0
115,2040,Ground PV,CCS2,Nice,0.0
116,2040,Ground PV,CCS2,Alpin,0.0
117,2040,Ground PV,Ground PV,Marseille,0.0
118,2040,Ground PV,Ground PV,Nice,0.0
119,2040,Ground PV,Ground PV,Alpin,0.0
120,2040,Ground PV,SMR,Marseille,0.0
121,2040,Ground PV,SMR,Nice,0.0
122,2040,Ground PV,SMR,Alpin,0.0
123,2040,Ground PV,SMR + CCS1,Marseille,0.0
124,2040,Ground PV,SMR + CCS1,Nice,0.0
125,2040,Ground PV,SMR + CCS1,Alpin,0.0
126,2040,Ground PV,CCS1,Marseille,0.0
127,2040,Ground PV,CCS1,Nice,0.0
128,2040,Ground PV,CCS1,Alpin,0.0
129,2040,Ground PV,ElectrolysisS,Marseille,0.0
130,2040,Ground PV,ElectrolysisS,Nice,0.0
131,2040,Ground PV,ElectrolysisS,Alpin,0.0
132,2040,Ground PV,Existing SMR,Marseille,0.0
133,2040,Ground PV,Existing SMR,Nice,0.0
134,2040,Ground PV,Existing SMR,Alpin,0.0
135,2040,Ground PV,ElectrolysisL,Marseille,0.0
136,2040,Ground PV,ElectrolysisL,Nice,0.0
137,2040,Ground PV,ElectrolysisL,Alpin,0.0
138,2040,Ground PV,SMR + CCS2,Marseille,0.0
139,2040,Ground PV,SMR + CCS2,Nice,0.0
140,2040,Ground PV,SMR + CCS2,Alpin,0.0
141,2040,Ground PV,Onshore wind,Marseille,0.0
142,2040,Ground PV,Onshore wind,Nice,0.0
143,2040,Ground PV,Onshore wind,Alpin,0.0
144,2040,SMR,Offshore wind - floating,Marseille,0.0
145,2040,SMR,Offshore wind - floating,Nice,0.0
146,2040,SMR,Offshore wind - floating,Alpin,0.0
147,2040,SMR,ElectrolysisM,Marseille,0.0
148,2040,SMR,ElectrolysisM,Nice,0.0
149,2040,SMR,ElectrolysisM,Alpin,0.0
150,2040,SMR,CCS2,Marseille,0.0
151,2040,SMR,CCS2,Nice,0.0
152,2040,SMR,CCS2,Alpin,0.0
153,2040,SMR,Ground PV,Marseille,0.0
154,2040,SMR,Ground PV,Nice,0.0
155,2040,SMR,Ground PV,Alpin,0.0
156,2040,SMR,SMR,Marseille,0.0
157,2040,SMR,SMR,Nice,0.0
158,2040,SMR,SMR,Alpin,0.0
159,2040,SMR,SMR + CCS1,Marseille,0.0
160,2040,SMR,SMR + CCS1,Nice,0.0
161,2040,SMR,SMR + CCS1,Alpin,0.0
162,2040,SMR,CCS1,Marseille,0.0
163,2040,SMR,CCS1,Nice,0.0
164,2040,SMR,CCS1,Alpin,0.0
165,2040,SMR,ElectrolysisS,Marseille,0.0
166,2040,SMR,ElectrolysisS,Nice,0.0
167,2040,SMR,ElectrolysisS,Alpin,0.0
168,2040,SMR,Existing SMR,Marseille,0.0
169,2040,SMR,Existing SMR,Nice,0.0
170,2040,SMR,Existing SMR,Alpin,0.0
171,2040,SMR,ElectrolysisL,Marseille,0.0
172,2040,SMR,ElectrolysisL,Nice,0.0
173,2040,SMR,ElectrolysisL,Alpin,0.0
174,2040,SMR,SMR + CCS2,Marseille,0.0
175,2040,SMR,SMR + CCS2,Nice,0.0
176,2040,SMR,SMR + CCS2,Alpin,0.0
177,2040,SMR,Onshore wind,Marseille,0.0
178,2040,SMR,Onshore wind,Nice,0.0
179,2040,SMR,Onshore wind,Alpin,0.0
180,2040,SMR + CCS1,Offshore wind - floating,Marseille,0.0
181,2040,SMR + CCS1,Offshore wind - floating,Nice,0.0
182,2040,SMR + CCS1,Offshore wind - floating,Alpin,0.0
183,2040,SMR + CCS1,ElectrolysisM,Marseille,0.0
184,2040,SMR + CCS1,ElectrolysisM,Nice,0.0
185,2040,SMR + CCS1,ElectrolysisM,Alpin,0.0
186,2040,SMR + CCS1,CCS2,Marseille,0.0
187,2040,SMR + CCS1,CCS2,Nice,0.0
188,2040,SMR + CCS1,CCS2,Alpin,0.0
189,2040,SMR + CCS1,Ground PV,Marseille,0.0
190,2040,SMR + CCS1,Ground PV,Nice,0.0
191,2040,SMR + CCS1,Ground PV,Alpin,0.0
192,2040,SMR + CCS1,SMR,Marseille,0.0
193,2040,SMR + CCS1,SMR,Nice,0.0
194,2040,SMR + CCS1,SMR,Alpin,0.0
195,2040,SMR + CCS1,SMR + CCS1,Marseille,0.0
196,2040,SMR + CCS1,SMR + CCS1,Nice,0.0
197,2040,SMR + CCS1,SMR + CCS1,Alpin,0.0
198,2040,SMR + CCS1,CCS1,Marseille,0.0
199,2040,SMR + CCS1,CCS1,Nice,0.0
200,2040,SMR + CCS1,CCS1,Alpin,0.0
201,2040,SMR + CCS1,ElectrolysisS,Marseille,0.0
202,2040,SMR + CCS1,ElectrolysisS,Nice,0.0
203,2040,SMR + CCS1,ElectrolysisS,Alpin,0.0
204,2040,SMR + CCS1,Existing SMR,Marseille,0.0
205,2040,SMR + CCS1,Existing SMR,Nice,0.0
206,2040,SMR + CCS1,Existing SMR,Alpin,0.0
207,2040,SMR + CCS1,ElectrolysisL,Marseille,0.0
208,2040,SMR + CCS1,ElectrolysisL,Nice,0.0
209,2040,SMR + CCS1,ElectrolysisL,Alpin,0.0
210,2040,SMR + CCS1,SMR + CCS2,Marseille,0.0
211,2040,SMR + CCS1,SMR + CCS2,Nice,0.0
212,2040,SMR + CCS1,SMR + CCS2,Alpin,0.0
213,2040,SMR + CCS1,Onshore wind,Marseille,0.0
214,2040,SMR + CCS1,Onshore wind,Nice,0.0
215,2040,SMR + CCS1,Onshore wind,Alpin,0.0
216,2040,CCS1,Offshore wind - floating,Marseille,0.0
217,2040,CCS1,Offshore wind - floating,Nice,0.0
218,2040,CCS1,Offshore wind - floating,Alpin,0.0
219,2040,CCS1,ElectrolysisM,Marseille,0.0
220,2040,CCS1,ElectrolysisM,Nice,0.0
221,2040,CCS1,ElectrolysisM,Alpin,0.0
222,2040,CCS1,CCS2,Marseille,0.0
223,2040,CCS1,CCS2,Nice,0.0
224,2040,CCS1,CCS2,Alpin,0.0
225,2040,CCS1,Ground PV,Marseille,0.0
226,2040,CCS1,Ground PV,Nice,0.0
227,2040,CCS1,Ground PV,Alpin,0.0
228,2040,CCS1,SMR,Marseille,0.0
229,2040,CCS1,SMR,Nice,0.0
230,2040,CCS1,SMR,Alpin,0.0
231,2040,CCS1,SMR + CCS1,Marseille,0.0
232,2040,CCS1,SMR + CCS1,Nice,0.0
233,2040,CCS1,SMR + CCS1,Alpin,0.0
234,2040,CCS1,CCS1,Marseille,0.0
235,2040,CCS1,CCS1,Nice,0.0
236,2040,CCS1,CCS1,Alpin,0.0
237,2040,CCS1,ElectrolysisS,Marseille,0.0
238,2040,CCS1,ElectrolysisS,Nice,0.0
239,2040,CCS1,ElectrolysisS,Alpin,0.0
240,2040,CCS1,Existing SMR,Marseille,0.0
241,2040,CCS1,Existing SMR,Nice,0.0
242,2040,CCS1,Existing SMR,Alpin,0.0
243,2040,CCS1,ElectrolysisL,Marseille,0.0
244,2040,CCS1,ElectrolysisL,Nice,0.0
245,2040,CCS1,ElectrolysisL,Alpin,0.0
246,2040,CCS1,SMR + CCS2,Marseille,0.0
247,2040,CCS1,SMR + CCS2,Nice,0.0
248,2040,CCS1,SMR + CCS2,Alpin,0.0
249,2040,CCS1,Onshore wind,Marseille,0.0
250,2040,CCS1,Onshore wind,Nice,0.0
251,2040,CCS1,Onshore wind,Alpin,0.0
252,2040,ElectrolysisS,Offshore wind - floating,Marseille,0.0
253,2040,ElectrolysisS,Offshore wind - floating,Nice,0.0
254,2040,ElectrolysisS,Offshore wind - floating,Alpin,0.0
255,2040,ElectrolysisS,ElectrolysisM,Marseille,0.0
256,2040,ElectrolysisS,ElectrolysisM,Nice,0.0
257,2040,ElectrolysisS,ElectrolysisM,Alpin,0.0
258,2040,ElectrolysisS,CCS2,Marseille,0.0
259,2040,ElectrolysisS,CCS2,Nice,0.0
260,2040,ElectrolysisS,CCS2,Alpin,0.0
261,2040,ElectrolysisS,Ground PV,Marseille,0.0
262,2040,ElectrolysisS,Ground PV,Nice,0.0
263,2040,ElectrolysisS,Ground PV,Alpin,0.0
264,2040,ElectrolysisS,SMR,Marseille,0.0
265,2040,ElectrolysisS,SMR,Nice,0.0
266,2040,ElectrolysisS,SMR,Alpin,0.0
267,2040,ElectrolysisS,SMR + CCS1,Marseille,0.0
268,2040,ElectrolysisS,SMR + CCS1,Nice,0.0
269,2040,ElectrolysisS,SMR + CCS1,Alpin,0.0
270,2040,ElectrolysisS,CCS1,Marseille,0.0
271,2040,ElectrolysisS,CCS1,Nice,0.0
272,2040,ElectrolysisS,CCS1,Alpin,0.0
273,2040,ElectrolysisS,ElectrolysisS,Marseille,0.0
274,2040,ElectrolysisS,ElectrolysisS,Nice,0.0
275,2040,ElectrolysisS,ElectrolysisS,Alpin,0.0
276,2040,ElectrolysisS,Existing SMR,Marseille,0.0
277,2040,ElectrolysisS,Existing SMR,Nice,0.0
278,2040,ElectrolysisS,Existing SMR,Alpin,0.0
279,2040,ElectrolysisS,ElectrolysisL,Marseille,0.0
280,2040,ElectrolysisS,ElectrolysisL,Nice,0.0
281,2040,ElectrolysisS,ElectrolysisL,Alpin,0.0
282,2040,ElectrolysisS,SMR + CCS2,Marseille,0.0
283,2040,ElectrolysisS,SMR + CCS2,Nice,0.0
284,2040,ElectrolysisS,SMR + CCS2,Alpin,0.0
285,2040,ElectrolysisS,Onshore wind,Marseille,0.0
286,2040,ElectrolysisS,Onshore wind,Nice,0.0
287,2040,ElectrolysisS,Onshore wind,Alpin,0.0
288,2040,Existing SMR,Offshore wind - floating,Marseille,0.0
289,2040,Existing SMR,Offshore wind - floating,Nice,0.0
290,2040,Existing SMR,Offshore wind - floating,Alpin,0.0
291,2040,Existing SMR,ElectrolysisM,Marseille,0.0
292,2040,Existing SMR,ElectrolysisM,Nice,0.0
293,2040,Existing SMR,ElectrolysisM,Alpin,0.0
294,2040,Existing SMR,CCS2,Marseille,0.0
295,2040,Existing SMR,CCS2,Nice,0.0
296,2040,Existing SMR,CCS2,Alpin,0.0
297,2040,Existing SMR,Ground PV,Marseille,0.0
298,2040,Existing SMR,Ground PV,Nice,0.0
299,2040,Existing SMR,Ground PV,Alpin,0.0
300,2040,Existing SMR,SMR,Marseille,0.0
301,2040,Existing SMR,SMR,Nice,0.0
302,2040,Existing SMR,SMR,Alpin,0.0
303,2040,Existing SMR,SMR + CCS1,Marseille,0.0
304,2040,Existing SMR,SMR + CCS1,Nice,0.0
305,2040,Existing SMR,SMR + CCS1,Alpin,0.0
306,2040,Existing SMR,CCS1,Marseille,0.0
307,2040,Existing SMR,CCS1,Nice,0.0
308,2040,Existing SMR,CCS1,Alpin,0.0
309,2040,Existing SMR,ElectrolysisS,Marseille,0.0
310,2040,Existing SMR,ElectrolysisS,Nice,0.0
311,2040,Existing SMR,ElectrolysisS,Alpin,0.0
312,2040,Existing SMR,Existing SMR,Marseille,0.0
313,2040,Existing SMR,Existing SMR,Nice,0.0
314,2040,Existing SMR,Existing SMR,Alpin,0.0
315,2040,Existing SMR,ElectrolysisL,Marseille,0.0
316,2040,Existing SMR,ElectrolysisL,Nice,0.0
317,2040,Existing SMR,ElectrolysisL,Alpin,0.0
318,2040,Existing SMR,SMR + CCS2,Marseille,0.0
319,2040,Existing SMR,SMR + CCS2,Nice,0.0
320,2040,Existing SMR,SMR + CCS2,Alpin,0.0
321,2040,Existing SMR,Onshore wind,Marseille,0.0
322,2040,Existing SMR,Onshore wind,Nice,0.0
323,2040,Existing SMR,Onshore wind,Alpin,0.0
324,2040,ElectrolysisL,Offshore wind - floating,Marseille,0.0
325,2040,ElectrolysisL,Offshore wind - floating,Nice,0.0
326,2040,ElectrolysisL,Offshore wind - floating,Alpin,0.0
327,2040,ElectrolysisL,ElectrolysisM,Marseille,0.0
328,2040,ElectrolysisL,ElectrolysisM,Nice,0.0
329,2040,ElectrolysisL,ElectrolysisM,Alpin,0.0
330,2040,ElectrolysisL,CCS2,Marseille,0.0
331,2040,ElectrolysisL,CCS2,Nice,0.0
332,2040,ElectrolysisL,CCS2,Alpin,0.0
333,2040,ElectrolysisL,Ground PV,Marseille,0.0
334,2040,ElectrolysisL,Ground PV,Nice,0.0
335,2040,ElectrolysisL,Ground PV,Alpin,0.0
336,2040,ElectrolysisL,SMR,Marseille,0.0
337,2040,ElectrolysisL,SMR,Nice,0.0
338,2040,ElectrolysisL,SMR,Alpin,0.0
339,2040,ElectrolysisL,SMR + CCS1,Marseille,0.0
340,2040,ElectrolysisL,SMR + CCS1,Nice,0.0
341,2040,ElectrolysisL,SMR + CCS1,Alpin,0.0
342,2040,ElectrolysisL,CCS1,Marseille,0.0
343,2040,ElectrolysisL,CCS1,Nice,0.0
344,2040,ElectrolysisL,CCS1,Alpin,0.0
345,2040,ElectrolysisL,ElectrolysisS,Marseille,0.0
346,2040,ElectrolysisL,ElectrolysisS,Nice,0.0
347,2040,ElectrolysisL,ElectrolysisS,Alpin,0.0
348,2040,ElectrolysisL,Existing SMR,Marseille,0.0
349,2040,ElectrolysisL,Existing SMR,Nice,0.0
350,2040,ElectrolysisL,Existing SMR,Alpin,0.0
351,2040,ElectrolysisL,ElectrolysisL,Marseille,0.0
352,2040,ElectrolysisL,ElectrolysisL,Nice,0.0
353,2040,ElectrolysisL,ElectrolysisL,Alpin,0.0
354,2040,ElectrolysisL,SMR + CCS2,Marseille,0.0
355,2040,ElectrolysisL,SMR + CCS2,Nice,0.0
356,2040,ElectrolysisL,SMR + CCS2,Alpin,0.0
357,2040,ElectrolysisL,Onshore wind,Marseille,0.0
358,2040,ElectrolysisL,Onshore wind,Nice,0.0
359,2040,ElectrolysisL,Onshore wind,Alpin,0.0
360,2040,SMR + CCS2,Offshore wind - floating,Marseille,0.0
361,2040,SMR + CCS2,Offshore wind - floating,Nice,0.0
362,2040,SMR + CCS2,Offshore wind - floating,Alpin,0.0
363,2040,SMR + CCS2,ElectrolysisM,Marseille,0.0
364,2040,SMR + CCS2,ElectrolysisM,Nice,0.0
365,2040,SMR + CCS2,ElectrolysisM,Alpin,0.0
366,2040,SMR + CCS2,CCS2,Marseille,0.0
367,2040,SMR + CCS2,CCS2,Nice,0.0
368,2040,SMR + CCS2,CCS2,Alpin,0.0
369,2040,SMR + CCS2,Ground PV,Marseille,0.0
370,2040,SMR + CCS2,Ground PV,Nice,0.0
371,2040,SMR + CCS2,Ground PV,Alpin,0.0
372,2040,SMR + CCS2,SMR,Marseille,0.0
373,2040,SMR + CCS2,SMR,Nice,0.0
374,2040,SMR + CCS2,SMR,Alpin,0.0
375,2040,SMR + CCS2,SMR + CCS1,Marseille,0.0
376,2040,SMR + CCS2,SMR + CCS1,Nice,0.0
377,2040,SMR + CCS2,SMR + CCS1,Alpin,0.0
378,2040,SMR + CCS2,CCS1,Marseille,0.0
379,2040,SMR + CCS2,CCS1,Nice,0.0
380,2040,SMR + CCS2,CCS1,Alpin,0.0
381,2040,SMR + CCS2,ElectrolysisS,Marseille,0.0
382,2040,SMR + CCS2,ElectrolysisS,Nice,0.0
383,2040,SMR + CCS2,ElectrolysisS,Alpin,0.0
384,2040,SMR + CCS2,Existing SMR,Marseille,0.0
385,2040,SMR + CCS2,Existing SMR,Nice,0.0
386,2040,SMR + CCS2,Existing SMR,Alpin,0.0
387,2040,SMR + CCS2,ElectrolysisL,Marseille,0.0
388,2040,SMR + CCS2,ElectrolysisL,Nice,0.0
389,2040,SMR + CCS2,ElectrolysisL,Alpin,0.0
390,2040,SMR + CCS2,SMR + CCS2,Marseille,0.0
391,2040,SMR + CCS2,SMR + CCS2,Nice,0.0
392,2040,SMR + CCS2,SMR + CCS2,Alpin,0.0
393,2040,SMR + CCS2,Onshore wind,Marseille,0.0
394,2040,SMR + CCS2,Onshore wind,Nice,0.0
395,2040,SMR + CCS2,Onshore wind,Alpin,0.0
396,2040,Onshore wind,Offshore wind - floating,Marseille,0.0
397,2040,Onshore wind,Offshore wind - floating,Nice,0.0
398,2040,Onshore wind,Offshore wind - floating,Alpin,0.0
399,2040,Onshore wind,ElectrolysisM,Marseille,0.0
400,2040,Onshore wind,ElectrolysisM,Nice,0.0
401,2040,Onshore wind,ElectrolysisM,Alpin,0.0
402,2040,Onshore wind,CCS2,Marseille,0.0
403,2040,Onshore wind,CCS2,Nice,0.0
404,2040,Onshore wind,CCS2,Alpin,0.0
405,2040,Onshore wind,Ground PV,Marseille,0.0
406,2040,Onshore wind,Ground PV,Nice,0.0
407,2040,Onshore wind,Ground PV,Alpin,0.0
408,2040,Onshore wind,SMR,Marseille,0.0
409,2040,Onshore wind,SMR,Nice,0.0
410,2040,Onshore wind,SMR,Alpin,0.0
411,2040,Onshore wind,SMR + CCS1,Marseille,0.0
412,2040,Onshore wind,SMR + CCS1,Nice,0.0
413,2040,Onshore wind,SMR + CCS1,Alpin,0.0
414,2040,Onshore wind,CCS1,Marseille,0.0
415,2040,Onshore wind,CCS1,Nice,0.0
416,2040,Onshore wind,CCS1,Alpin,0.0
417,2040,Onshore wind,ElectrolysisS,Marseille,0.0
418,2040,Onshore wind,ElectrolysisS,Nice,0.0
419,2040,Onshore wind,ElectrolysisS,Alpin,0.0
420,2040,Onshore wind,Existing SMR,Marseille,0.0
421,2040,Onshore wind,Existing SMR,Nice,0.0
422,2040,Onshore wind,Existing SMR,Alpin,0.0
423,2040,Onshore wind,ElectrolysisL,Marseille,0.0
424,2040,Onshore wind,ElectrolysisL,Nice,0.0
425,2040,Onshore wind,ElectrolysisL,Alpin,0.0
426,2040,Onshore wind,SMR + CCS2,Marseille,0.0
427,2040,Onshore wind,SMR + CCS2,Nice,0.0
428,2040,Onshore wind,SMR + CCS2,Alpin,0.0
429,2040,Onshore wind,Onshore wind,Marseille,0.0
430,2040,Onshore wind,Onshore wind,Nice,0.0
431,2040,Onshore wind,Onshore wind,Alpin,0.0
432,2020,Offshore wind - floating,Offshore wind - floating,Marseille,0.0
433,2020,Offshore wind - floating,Offshore wind - floating,Nice,0.0
434,2020,Offshore wind - floating,Offshore wind - floating,Alpin,0.0
435,2020,Offshore wind - floating,ElectrolysisM,Marseille,0.0
436,2020,Offshore wind - floating,ElectrolysisM,Nice,0.0
437,2020,Offshore wind - floating,ElectrolysisM,Alpin,0.0
438,2020,Offshore wind - floating,CCS2,Marseille,0.0
439,2020,Offshore wind - floating,CCS2,Nice,0.0
440,2020,Offshore wind - floating,CCS2,Alpin,0.0
441,2020,Offshore wind - floating,Ground PV,Marseille,0.0
442,2020,Offshore wind - floating,Ground PV,Nice,0.0
443,2020,Offshore wind - floating,Ground PV,Alpin,0.0
444,2020,Offshore wind - floating,SMR,Marseille,0.0
445,2020,Offshore wind - floating,SMR,Nice,0.0
446,2020,Offshore wind - floating,SMR,Alpin,0.0
447,2020,Offshore wind - floating,SMR + CCS1,Marseille,0.0
448,2020,Offshore wind - floating,SMR + CCS1,Nice,0.0
449,2020,Offshore wind - floating,SMR + CCS1,Alpin,0.0
450,2020,Offshore wind - floating,CCS1,Marseille,0.0
451,2020,Offshore wind - floating,CCS1,Nice,0.0
452,2020,Offshore wind - floating,CCS1,Alpin,0.0
453,2020,Offshore wind - floating,ElectrolysisS,Marseille,0.0
454,2020,Offshore wind - floating,ElectrolysisS,Nice,0.0
455,2020,Offshore wind - floating,ElectrolysisS,Alpin,0.0
456,2020,Offshore wind - floating,Existing SMR,Marseille,0.0
457,2020,Offshore wind - floating,Existing SMR,Nice,0.0
458,2020,Offshore wind - floating,Existing SMR,Alpin,0.0
459,2020,Offshore wind - floating,ElectrolysisL,Marseille,0.0
460,2020,Offshore wind - floating,ElectrolysisL,Nice,0.0
461,2020,Offshore wind - floating,ElectrolysisL,Alpin,0.0
462,2020,Offshore wind - floating,SMR + CCS2,Marseille,0.0
463,2020,Offshore wind - floating,SMR + CCS2,Nice,0.0
464,2020,Offshore wind - floating,SMR + CCS2,Alpin,0.0
465,2020,Offshore wind - floating,Onshore wind,Marseille,0.0
466,2020,Offshore wind - floating,Onshore wind,Nice,0.0
467,2020,Offshore wind - floating,Onshore wind,Alpin,0.0
468,2020,ElectrolysisM,Offshore wind - floating,Marseille,0.0
469,2020,ElectrolysisM,Offshore wind - floating,Nice,0.0
470,2020,ElectrolysisM,Offshore wind - floating,Alpin,0.0
471,2020,ElectrolysisM,ElectrolysisM,Marseille,0.0
472,2020,ElectrolysisM,ElectrolysisM,Nice,0.0
473,2020,ElectrolysisM,ElectrolysisM,Alpin,0.0
474,2020,ElectrolysisM,CCS2,Marseille,0.0
475,2020,ElectrolysisM,CCS2,Nice,0.0
476,2020,ElectrolysisM,CCS2,Alpin,0.0
477,2020,ElectrolysisM,Ground PV,Marseille,0.0
478,2020,ElectrolysisM,Ground PV,Nice,0.0
479,2020,ElectrolysisM,Ground PV,Alpin,0.0
480,2020,ElectrolysisM,SMR,Marseille,0.0
481,2020,ElectrolysisM,SMR,Nice,0.0
482,2020,ElectrolysisM,SMR,Alpin,0.0
483,2020,ElectrolysisM,SMR + CCS1,Marseille,0.0
484,2020,ElectrolysisM,SMR + CCS1,Nice,0.0
485,2020,ElectrolysisM,SMR + CCS1,Alpin,0.0
486,2020,ElectrolysisM,CCS1,Marseille,0.0
487,2020,ElectrolysisM,CCS1,Nice,0.0
488,2020,ElectrolysisM,CCS1,Alpin,0.0
489,2020,ElectrolysisM,ElectrolysisS,Marseille,0.0
490,2020,ElectrolysisM,ElectrolysisS,Nice,0.0
491,2020,ElectrolysisM,ElectrolysisS,Alpin,0.0
492,2020,ElectrolysisM,Existing SMR,Marseille,0.0
493,2020,ElectrolysisM,Existing SMR,Nice,0.0
494,2020,ElectrolysisM,Existing SMR,Alpin,0.0
495,2020,ElectrolysisM,ElectrolysisL,Marseille,0.0
496,2020,ElectrolysisM,ElectrolysisL,Nice,0.0
497,2020,ElectrolysisM,ElectrolysisL,Alpin,0.0
498,2020,ElectrolysisM,SMR + CCS2,Marseille,0.0
499,2020,ElectrolysisM,SMR + CCS2,Nice,0.0
500,2020,ElectrolysisM,SMR + CCS2,Alpin,0.0
501,2020,ElectrolysisM,Onshore wind,Marseille,0.0
502,2020,ElectrolysisM,Onshore wind,Nice,0.0
503,2020,ElectrolysisM,Onshore wind,Alpin,0.0
504,2020,CCS2,Offshore wind - floating,Marseille,0.0
505,2020,CCS2,Offshore wind - floating,Nice,0.0
506,2020,CCS2,Offshore wind - floating,Alpin,0.0
507,2020,CCS2,ElectrolysisM,Marseille,0.0
508,2020,CCS2,ElectrolysisM,Nice,0.0
509,2020,CCS2,ElectrolysisM,Alpin,0.0
510,2020,CCS2,CCS2,Marseille,0.0
511,2020,CCS2,CCS2,Nice,0.0
512,2020,CCS2,CCS2,Alpin,0.0
513,2020,CCS2,Ground PV,Marseille,0.0
514,2020,CCS2,Ground PV,Nice,0.0
515,2020,CCS2,Ground PV,Alpin,0.0
516,2020,CCS2,SMR,Marseille,0.0
517,2020,CCS2,SMR,Nice,0.0
518,2020,CCS2,SMR,Alpin,0.0
519,2020,CCS2,SMR + CCS1,Marseille,0.0
520,2020,CCS2,SMR + CCS1,Nice,0.0
521,2020,CCS2,SMR + CCS1,Alpin,0.0
522,2020,CCS2,CCS1,Marseille,0.0
523,2020,CCS2,CCS1,Nice,0.0
524,2020,CCS2,CCS1,Alpin,0.0
525,2020,CCS2,ElectrolysisS,Marseille,0.0
526,2020,CCS2,ElectrolysisS,Nice,0.0
527,2020,CCS2,ElectrolysisS,Alpin,0.0
528,2020,CCS2,Existing SMR,Marseille,0.0
529,2020,CCS2,Existing SMR,Nice,0.0
530,2020,CCS2,Existing SMR,Alpin,0.0
531,2020,CCS2,ElectrolysisL,Marseille,0.0
532,2020,CCS2,ElectrolysisL,Nice,0.0
533,2020,CCS2,ElectrolysisL,Alpin,0.0
534,2020,CCS2,SMR + CCS2,Marseille,0.0
535,2020,CCS2,SMR + CCS2,Nice,0.0
536,2020,CCS2,SMR + CCS2,Alpin,0.0
537,2020,CCS2,Onshore wind,Marseille,0.0
538,2020,CCS2,Onshore wind,Nice,0.0
539,2020,CCS2,Onshore wind,Alpin,0.0
540,2020,Ground PV,Offshore wind - floating,Marseille,0.0
541,2020,Ground PV,Offshore wind - floating,Nice,0.0
542,2020,Ground PV,Offshore wind - floating,Alpin,0.0
543,2020,Ground PV,ElectrolysisM,Marseille,0.0
544,2020,Ground PV,ElectrolysisM,Nice,0.0
545,2020,Ground PV,ElectrolysisM,Alpin,0.0
546,2020,Ground PV,CCS2,Marseille,0.0
547,2020,Ground PV,CCS2,Nice,0.0
548,2020,Ground PV,CCS2,Alpin,0.0
549,2020,Ground PV,Ground PV,Marseille,0.0
550,2020,Ground PV,Ground PV,Nice,0.0
551,2020,Ground PV,Ground PV,Alpin,0.0
552,2020,Ground PV,SMR,Marseille,0.0
553,2020,Ground PV,SMR,Nice,0.0
554,2020,Ground PV,SMR,Alpin,0.0
555,2020,Ground PV,SMR + CCS1,Marseille,0.0
556,2020,Ground PV,SMR + CCS1,Nice,0.0
557,2020,Ground PV,SMR + CCS1,Alpin,0.0
558,2020,Ground PV,CCS1,Marseille,0.0
559,2020,Ground PV,CCS1,Nice,0.0
560,2020,Ground PV,CCS1,Alpin,0.0
561,2020,Ground PV,ElectrolysisS,Marseille,0.0
562,2020,Ground PV,ElectrolysisS,Nice,0.0
563,2020,Ground PV,ElectrolysisS,Alpin,0.0
564,2020,Ground PV,Existing SMR,Marseille,0.0
565,2020,Ground PV,Existing SMR,Nice,0.0
566,2020,Ground PV,Existing SMR,Alpin,0.0
567,2020,Ground PV,ElectrolysisL,Marseille,0.0
568,2020,Ground PV,ElectrolysisL,Nice,0.0
569,2020,Ground PV,ElectrolysisL,Alpin,0.0
570,2020,Ground PV,SMR + CCS2,Marseille,0.0
571,2020,Ground PV,SMR + CCS2,Nice,0.0
572,2020,Ground PV,SMR + CCS2,Alpin,0.0
573,2020,Ground PV,Onshore wind,Marseille,0.0
574,2020,Ground PV,Onshore wind,Nice,0.0
575,2020,Ground PV,Onshore wind,Alpin,0.0
576,2020,SMR,Offshore wind - floating,Marseille,0.0
577,2020,SMR,Offshore wind - floating,Nice,0.0
578,2020,SMR,Offshore wind - floating,Alpin,0.0
579,2020,SMR,ElectrolysisM,Marseille,0.0
580,2020,SMR,ElectrolysisM,Nice,0.0
581,2020,SMR,ElectrolysisM,Alpin,0.0
582,2020,SMR,CCS2,Marseille,0.0
583,2020,SMR,CCS2,Nice,0.0
584,2020,SMR,CCS2,Alpin,0.0
585,2020,SMR,Ground PV,Marseille,0.0
586,2020,SMR,Ground PV,Nice,0.0
587,2020,SMR,Ground PV,Alpin,0.0
588,2020,SMR,SMR,Marseille,0.0
589,2020,SMR,SMR,Nice,0.0
590,2020,SMR,SMR,Alpin,0.0
591,2020,SMR,SMR + CCS1,Marseille,0.0
592,2020,SMR,SMR + CCS1,Nice,0.0
593,2020,SMR,SMR + CCS1,Alpin,0.0
594,2020,SMR,CCS1,Marseille,0.0
595,2020,SMR,CCS1,Nice,0.0
596,2020,SMR,CCS1,Alpin,0.0
597,2020,SMR,ElectrolysisS,Marseille,0.0
598,2020,SMR,ElectrolysisS,Nice,0.0
599,2020,SMR,ElectrolysisS,Alpin,0.0
600,2020,SMR,Existing SMR,Marseille,0.0
601,2020,SMR,Existing SMR,Nice,0.0
602,2020,SMR,Existing SMR,Alpin,0.0
603,2020,SMR,ElectrolysisL,Marseille,0.0
604,2020,SMR,ElectrolysisL,Nice,0.0
605,2020,SMR,ElectrolysisL,Alpin,0.0
606,2020,SMR,SMR + CCS2,Marseille,0.0
607,2020,SMR,SMR + CCS2,Nice,0.0
608,2020,SMR,SMR + CCS2,Alpin,0.0
609,2020,SMR,Onshore wind,Marseille,0.0
610,2020,SMR,Onshore wind,Nice,0.0
611,2020,SMR,Onshore wind,Alpin,0.0
612,2020,SMR + CCS1,Offshore wind - floating,Marseille,0.0
613,2020,SMR + CCS1,Offshore wind - floating,Nice,0.0
614,2020,SMR + CCS1,Offshore wind - floating,Alpin,0.0
615,2020,SMR + CCS1,ElectrolysisM,Marseille,0.0
616,2020,SMR + CCS1,ElectrolysisM,Nice,0.0
617,2020,SMR + CCS1,ElectrolysisM,Alpin,0.0
618,2020,SMR + CCS1,CCS2,Marseille,0.0
619,2020,SMR + CCS1,CCS2,Nice,0.0
620,2020,SMR + CCS1,CCS2,Alpin,0.0
621,2020,SMR + CCS1,Ground PV,Marseille,0.0
622,2020,SMR + CCS1,Ground PV,Nice,0.0
623,2020,SMR + CCS1,Ground PV,Alpin,0.0
624,2020,SMR + CCS1,SMR,Marseille,0.0
625,2020,SMR + CCS1,SMR,Nice,0.0
626,2020,SMR + CCS1,SMR,Alpin,0.0
627,2020,SMR + CCS1,SMR + CCS1,Marseille,0.0
628,2020,SMR + CCS1,SMR + CCS1,Nice,0.0
629,2020,SMR + CCS1,SMR + CCS1,Alpin,0.0
630,2020,SMR + CCS1,CCS1,Marseille,0.0
631,2020,SMR + CCS1,CCS1,Nice,0.0
632,2020,SMR + CCS1,CCS1,Alpin,0.0
633,2020,SMR + CCS1,ElectrolysisS,Marseille,0.0
634,2020,SMR + CCS1,ElectrolysisS,Nice,0.0
635,2020,SMR + CCS1,ElectrolysisS,Alpin,0.0
636,2020,SMR + CCS1,Existing SMR,Marseille,0.0
637,2020,SMR + CCS1,Existing SMR,Nice,0.0
638,2020,SMR + CCS1,Existing SMR,Alpin,0.0
639,2020,SMR + CCS1,ElectrolysisL,Marseille,0.0
640,2020,SMR + CCS1,ElectrolysisL,Nice,0.0
641,2020,SMR + CCS1,ElectrolysisL,Alpin,0.0
642,2020,SMR + CCS1,SMR + CCS2,Marseille,0.0
643,2020,SMR + CCS1,SMR + CCS2,Nice,0.0
644,2020,SMR + CCS1,SMR + CCS2,Alpin,0.0
645,2020,SMR + CCS1,Onshore wind,Marseille,0.0
646,2020,SMR + CCS1,Onshore wind,Nice,0.0
647,2020,SMR + CCS1,Onshore wind,Alpin,0.0
648,2020,CCS1,Offshore wind - floating,Marseille,0.0
649,2020,CCS1,Offshore wind - floating,Nice,0.0
650,2020,CCS1,Offshore wind - floating,Alpin,0.0
651,2020,CCS1,ElectrolysisM,Marseille,0.0
652,2020,CCS1,ElectrolysisM,Nice,0.0
653,2020,CCS1,ElectrolysisM,Alpin,0.0
654,2020,CCS1,CCS2,Marseille,0.0
655,2020,CCS1,CCS2,Nice,0.0
656,2020,CCS1,CCS2,Alpin,0.0
657,2020,CCS1,Ground PV,Marseille,0.0
658,2020,CCS1,Ground PV,Nice,0.0
659,2020,CCS1,Ground PV,Alpin,0.0
660,2020,CCS1,SMR,Marseille,0.0
661,2020,CCS1,SMR,Nice,0.0
662,2020,CCS1,SMR,Alpin,0.0
663,2020,CCS1,SMR + CCS1,Marseille,0.0
664,2020,CCS1,SMR + CCS1,Nice,0.0
665,2020,CCS1,SMR + CCS1,Alpin,0.0
666,2020,CCS1,CCS1,Marseille,0.0
667,2020,CCS1,CCS1,Nice,0.0
668,2020,CCS1,CCS1,Alpin,0.0
669,2020,CCS1,ElectrolysisS,Marseille,0.0
670,2020,CCS1,ElectrolysisS,Nice,0.0
671,2020,CCS1,ElectrolysisS,Alpin,0.0
672,2020,CCS1,Existing SMR,Marseille,0.0
673,2020,CCS1,Existing SMR,Nice,0.0
674,2020,CCS1,Existing SMR,Alpin,0.0
675,2020,CCS1,ElectrolysisL,Marseille,0.0
676,2020,CCS1,ElectrolysisL,Nice,0.0
677,2020,CCS1,ElectrolysisL,Alpin,0.0
678,2020,CCS1,SMR + CCS2,Marseille,0.0
679,2020,CCS1,SMR + CCS2,Nice,0.0
680,2020,CCS1,SMR + CCS2,Alpin,0.0
681,2020,CCS1,Onshore wind,Marseille,0.0
682,2020,CCS1,Onshore wind,Nice,0.0
683,2020,CCS1,Onshore wind,Alpin,0.0
684,2020,ElectrolysisS,Offshore wind - floating,Marseille,0.0
685,2020,ElectrolysisS,Offshore wind - floating,Nice,0.0
686,2020,ElectrolysisS,Offshore wind - floating,Alpin,0.0
687,2020,ElectrolysisS,ElectrolysisM,Marseille,0.0
688,2020,ElectrolysisS,ElectrolysisM,Nice,0.0
689,2020,ElectrolysisS,ElectrolysisM,Alpin,0.0
690,2020,ElectrolysisS,CCS2,Marseille,0.0
691,2020,ElectrolysisS,CCS2,Nice,0.0
692,2020,ElectrolysisS,CCS2,Alpin,0.0
693,2020,ElectrolysisS,Ground PV,Marseille,0.0
694,2020,ElectrolysisS,Ground PV,Nice,0.0
695,2020,ElectrolysisS,Ground PV,Alpin,0.0
696,2020,ElectrolysisS,SMR,Marseille,0.0
697,2020,ElectrolysisS,SMR,Nice,0.0
698,2020,ElectrolysisS,SMR,Alpin,0.0
699,2020,ElectrolysisS,SMR + CCS1,Marseille,0.0
700,2020,ElectrolysisS,SMR + CCS1,Nice,0.0
701,2020,ElectrolysisS,SMR + CCS1,Alpin,0.0
702,2020,ElectrolysisS,CCS1,Marseille,0.0
703,2020,ElectrolysisS,CCS1,Nice,0.0
704,2020,ElectrolysisS,CCS1,Alpin,0.0
705,2020,ElectrolysisS,ElectrolysisS,Marseille,0.0
706,2020,ElectrolysisS,ElectrolysisS,Nice,0.0
707,2020,ElectrolysisS,ElectrolysisS,Alpin,0.0
708,2020,ElectrolysisS,Existing SMR,Marseille,0.0
709,2020,ElectrolysisS,Existing SMR,Nice,0.0
710,2020,ElectrolysisS,Existing SMR,Alpin,0.0
711,2020,ElectrolysisS,ElectrolysisL,Marseille,0.0
712,2020,ElectrolysisS,ElectrolysisL,Nice,0.0
713,2020,ElectrolysisS,ElectrolysisL,Alpin,0.0
714,2020,ElectrolysisS,SMR + CCS2,Marseille,0.0
715,2020,ElectrolysisS,SMR + CCS2,Nice,0.0
716,2020,ElectrolysisS,SMR + CCS2,Alpin,0.0
717,2020,ElectrolysisS,Onshore wind,Marseille,0.0
718,2020,ElectrolysisS,Onshore wind,Nice,0.0
719,2020,ElectrolysisS,Onshore wind,Alpin,0.0
720,2020,Existing SMR,Offshore wind - floating,Marseille,0.0
721,2020,Existing SMR,Offshore wind - floating,Nice,0.0
722,2020,Existing SMR,Offshore wind - floating,Alpin,0.0
723,2020,Existing SMR,ElectrolysisM,Marseille,0.0
724,2020,Existing SMR,ElectrolysisM,Nice,0.0
725,2020,Existing SMR,ElectrolysisM,Alpin,0.0
726,2020,Existing SMR,CCS2,Marseille,0.0
727,2020,Existing SMR,CCS2,Nice,0.0
728,2020,Existing SMR,CCS2,Alpin,0.0
729,2020,Existing SMR,Ground PV,Marseille,0.0
730,2020,Existing SMR,Ground PV,Nice,0.0
731,2020,Existing SMR,Ground PV,Alpin,0.0
732,2020,Existing SMR,SMR,Marseille,0.0
733,2020,Existing SMR,SMR,Nice,0.0
734,2020,Existing SMR,SMR,Alpin,0.0
735,2020,Existing SMR,SMR + CCS1,Marseille,0.0
736,2020,Existing SMR,SMR + CCS1,Nice,0.0
737,2020,Existing SMR,SMR + CCS1,Alpin,0.0
738,2020,Existing SMR,CCS1,Marseille,0.0
739,2020,Existing SMR,CCS1,Nice,0.0
740,2020,Existing SMR,CCS1,Alpin,0.0
741,2020,Existing SMR,ElectrolysisS,Marseille,0.0
742,2020,Existing SMR,ElectrolysisS,Nice,0.0
743,2020,Existing SMR,ElectrolysisS,Alpin,0.0
744,2020,Existing SMR,Existing SMR,Marseille,0.0
745,2020,Existing SMR,Existing SMR,Nice,0.0
746,2020,Existing SMR,Existing SMR,Alpin,0.0
747,2020,Existing SMR,ElectrolysisL,Marseille,0.0
748,2020,Existing SMR,ElectrolysisL,Nice,0.0
749,2020,Existing SMR,ElectrolysisL,Alpin,0.0
750,2020,Existing SMR,SMR + CCS2,Marseille,0.0
751,2020,Existing SMR,SMR + CCS2,Nice,0.0
752,2020,Existing SMR,SMR + CCS2,Alpin,0.0
753,2020,Existing SMR,Onshore wind,Marseille,0.0
754,2020,Existing SMR,Onshore wind,Nice,0.0
755,2020,Existing SMR,Onshore wind,Alpin,0.0
756,2020,ElectrolysisL,Offshore wind - floating,Marseille,0.0
757,2020,ElectrolysisL,Offshore wind - floating,Nice,0.0
758,2020,ElectrolysisL,Offshore wind - floating,Alpin,0.0
759,2020,ElectrolysisL,ElectrolysisM,Marseille,0.0
760,2020,ElectrolysisL,ElectrolysisM,Nice,0.0
761,2020,ElectrolysisL,ElectrolysisM,Alpin,0.0
762,2020,ElectrolysisL,CCS2,Marseille,0.0
763,2020,ElectrolysisL,CCS2,Nice,0.0
764,2020,ElectrolysisL,CCS2,Alpin,0.0
765,2020,ElectrolysisL,Ground PV,Marseille,0.0
766,2020,ElectrolysisL,Ground PV,Nice,0.0
767,2020,ElectrolysisL,Ground PV,Alpin,0.0
768,2020,ElectrolysisL,SMR,Marseille,0.0
769,2020,ElectrolysisL,SMR,Nice,0.0
770,2020,ElectrolysisL,SMR,Alpin,0.0
771,2020,ElectrolysisL,SMR + CCS1,Marseille,0.0
772,2020,ElectrolysisL,SMR + CCS1,Nice,0.0
773,2020,ElectrolysisL,SMR + CCS1,Alpin,0.0
774,2020,ElectrolysisL,CCS1,Marseille,0.0
775,2020,ElectrolysisL,CCS1,Nice,0.0
776,2020,ElectrolysisL,CCS1,Alpin,0.0
777,2020,ElectrolysisL,ElectrolysisS,Marseille,0.0
778,2020,ElectrolysisL,ElectrolysisS,Nice,0.0
779,2020,ElectrolysisL,ElectrolysisS,Alpin,0.0
780,2020,ElectrolysisL,Existing SMR,Marseille,0.0
781,2020,ElectrolysisL,Existing SMR,Nice,0.0
782,2020,ElectrolysisL,Existing SMR,Alpin,0.0
783,2020,ElectrolysisL,ElectrolysisL,Marseille,0.0
784,2020,ElectrolysisL,ElectrolysisL,Nice,0.0
785,2020,ElectrolysisL,ElectrolysisL,Alpin,0.0
786,2020,ElectrolysisL,SMR + CCS2,Marseille,0.0
787,2020,ElectrolysisL,SMR + CCS2,Nice,0.0
788,2020,ElectrolysisL,SMR + CCS2,Alpin,0.0
789,2020,ElectrolysisL,Onshore wind,Marseille,0.0
790,2020,ElectrolysisL,Onshore wind,Nice,0.0
791,2020,ElectrolysisL,Onshore wind,Alpin,0.0
792,2020,SMR + CCS2,Offshore wind - floating,Marseille,0.0
793,2020,SMR + CCS2,Offshore wind - floating,Nice,0.0
794,2020,SMR + CCS2,Offshore wind - floating,Alpin,0.0
795,2020,SMR + CCS2,ElectrolysisM,Marseille,0.0
796,2020,SMR + CCS2,ElectrolysisM,Nice,0.0
797,2020,SMR + CCS2,ElectrolysisM,Alpin,0.0
798,2020,SMR + CCS2,CCS2,Marseille,0.0
799,2020,SMR + CCS2,CCS2,Nice,0.0
800,2020,SMR + CCS2,CCS2,Alpin,0.0
801,2020,SMR + CCS2,Ground PV,Marseille,0.0
802,2020,SMR + CCS2,Ground PV,Nice,0.0
803,2020,SMR + CCS2,Ground PV,Alpin,0.0
804,2020,SMR + CCS2,SMR,Marseille,0.0
805,2020,SMR + CCS2,SMR,Nice,0.0
806,2020,SMR + CCS2,SMR,Alpin,0.0
807,2020,SMR + CCS2,SMR + CCS1,Marseille,0.0
808,2020,SMR + CCS2,SMR + CCS1,Nice,0.0
809,2020,SMR + CCS2,SMR + CCS1,Alpin,0.0
810,2020,SMR + CCS2,CCS1,Marseille,0.0
811,2020,SMR + CCS2,CCS1,Nice,0.0
812,2020,SMR + CCS2,CCS1,Alpin,0.0
813,2020,SMR + CCS2,ElectrolysisS,Marseille,0.0
814,2020,SMR + CCS2,ElectrolysisS,Nice,0.0
815,2020,SMR + CCS2,ElectrolysisS,Alpin,0.0
816,2020,SMR + CCS2,Existing SMR,Marseille,0.0
817,2020,SMR + CCS2,Existing SMR,Nice,0.0
818,2020,SMR + CCS2,Existing SMR,Alpin,0.0
819,2020,SMR + CCS2,ElectrolysisL,Marseille,0.0
820,2020,SMR + CCS2,ElectrolysisL,Nice,0.0
821,2020,SMR + CCS2,ElectrolysisL,Alpin,0.0
822,2020,SMR + CCS2,SMR + CCS2,Marseille,0.0
823,2020,SMR + CCS2,SMR + CCS2,Nice,0.0
824,2020,SMR + CCS2,SMR + CCS2,Alpin,0.0
825,2020,SMR + CCS2,Onshore wind,Marseille,0.0
826,2020,SMR + CCS2,Onshore wind,Nice,0.0
827,2020,SMR + CCS2,Onshore wind,Alpin,0.0
828,2020,Onshore wind,Offshore wind - floating,Marseille,0.0
829,2020,Onshore wind,Offshore wind - floating,Nice,0.0
830,2020,Onshore wind,Offshore wind - floating,Alpin,0.0
831,2020,Onshore wind,ElectrolysisM,Marseille,0.0
832,2020,Onshore wind,ElectrolysisM,Nice,0.0
833,2020,Onshore wind,ElectrolysisM,Alpin,0.0
834,2020,Onshore wind,CCS2,Marseille,0.0
835,2020,Onshore wind,CCS2,Nice,0.0
836,2020,Onshore wind,CCS2,Alpin,0.0
837,2020,Onshore wind,Ground PV,Marseille,0.0
838,2020,Onshore wind,Ground PV,Nice,0.0
839,2020,Onshore wind,Ground PV,Alpin,0.0
840,2020,Onshore wind,SMR,Marseille,0.0
841,2020,Onshore wind,SMR,Nice,0.0
842,2020,Onshore wind,SMR,Alpin,0.0
843,2020,Onshore wind,SMR + CCS1,Marseille,0.0
844,2020,Onshore wind,SMR + CCS1,Nice,0.0
845,2020,Onshore wind,SMR + CCS1,Alpin,0.0
846,2020,Onshore wind,CCS1,Marseille,0.0
847,2020,Onshore wind,CCS1,Nice,0.0
848,2020,Onshore wind,CCS1,Alpin,0.0
849,2020,Onshore wind,ElectrolysisS,Marseille,0.0
850,2020,Onshore wind,ElectrolysisS,Nice,0.0
851,2020,Onshore wind,ElectrolysisS,Alpin,0.0
852,2020,Onshore wind,Existing SMR,Marseille,0.0
853,2020,Onshore wind,Existing SMR,Nice,0.0
854,2020,Onshore wind,Existing SMR,Alpin,0.0
855,2020,Onshore wind,ElectrolysisL,Marseille,0.0
856,2020,Onshore wind,ElectrolysisL,Nice,0.0
857,2020,Onshore wind,ElectrolysisL,Alpin,0.0
858,2020,Onshore wind,SMR + CCS2,Marseille,0.0
859,2020,Onshore wind,SMR + CCS2,Nice,0.0
860,2020,Onshore wind,SMR + CCS2,Alpin,0.0
861,2020,Onshore wind,Onshore wind,Marseille,0.0
862,2020,Onshore wind,Onshore wind,Nice,0.0
863,2020,Onshore wind,Onshore wind,Alpin,0.0
864,2030,Offshore wind - floating,Offshore wind - floating,Marseille,0.0
865,2030,Offshore wind - floating,Offshore wind - floating,Nice,0.0
866,2030,Offshore wind - floating,Offshore wind - floating,Alpin,0.0
867,2030,Offshore wind - floating,ElectrolysisM,Marseille,0.0
868,2030,Offshore wind - floating,ElectrolysisM,Nice,0.0
869,2030,Offshore wind - floating,ElectrolysisM,Alpin,0.0
870,2030,Offshore wind - floating,CCS2,Marseille,0.0
871,2030,Offshore wind - floating,CCS2,Nice,0.0
872,2030,Offshore wind - floating,CCS2,Alpin,0.0
873,2030,Offshore wind - floating,Ground PV,Marseille,0.0
874,2030,Offshore wind - floating,Ground PV,Nice,0.0
875,2030,Offshore wind - floating,Ground PV,Alpin,0.0
876,2030,Offshore wind - floating,SMR,Marseille,0.0
877,2030,Offshore wind - floating,SMR,Nice,0.0
878,2030,Offshore wind - floating,SMR,Alpin,0.0
879,2030,Offshore wind - floating,SMR + CCS1,Marseille,0.0
880,2030,Offshore wind - floating,SMR + CCS1,Nice,0.0
881,2030,Offshore wind - floating,SMR + CCS1,Alpin,0.0
882,2030,Offshore wind - floating,CCS1,Marseille,0.0
883,2030,Offshore wind - floating,CCS1,Nice,0.0
884,2030,Offshore wind - floating,CCS1,Alpin,0.0
885,2030,Offshore wind - floating,ElectrolysisS,Marseille,0.0
886,2030,Offshore wind - floating,ElectrolysisS,Nice,0.0
887,2030,Offshore wind - floating,ElectrolysisS,Alpin,0.0
888,2030,Offshore wind - floating,Existing SMR,Marseille,0.0
889,2030,Offshore wind - floating,Existing SMR,Nice,0.0
890,2030,Offshore wind - floating,Existing SMR,Alpin,0.0
891,2030,Offshore wind - floating,ElectrolysisL,Marseille,0.0
892,2030,Offshore wind - floating,ElectrolysisL,Nice,0.0
893,2030,Offshore wind - floating,ElectrolysisL,Alpin,0.0
894,2030,Offshore wind - floating,SMR + CCS2,Marseille,0.0
895,2030,Offshore wind - floating,SMR + CCS2,Nice,0.0
896,2030,Offshore wind - floating,SMR + CCS2,Alpin,0.0
897,2030,Offshore wind - floating,Onshore wind,Marseille,0.0
898,2030,Offshore wind - floating,Onshore wind,Nice,0.0
899,2030,Offshore wind - floating,Onshore wind,Alpin,0.0
900,2030,ElectrolysisM,Offshore wind - floating,Marseille,0.0
901,2030,ElectrolysisM,Offshore wind - floating,Nice,0.0
902,2030,ElectrolysisM,Offshore wind - floating,Alpin,0.0
903,2030,ElectrolysisM,ElectrolysisM,Marseille,0.0
904,2030,ElectrolysisM,ElectrolysisM,Nice,0.0
905,2030,ElectrolysisM,ElectrolysisM,Alpin,0.0
906,2030,ElectrolysisM,CCS2,Marseille,0.0
907,2030,ElectrolysisM,CCS2,Nice,0.0
908,2030,ElectrolysisM,CCS2,Alpin,0.0
909,2030,ElectrolysisM,Ground PV,Marseille,0.0
910,2030,ElectrolysisM,Ground PV,Nice,0.0
911,2030,ElectrolysisM,Ground PV,Alpin,0.0
912,2030,ElectrolysisM,SMR,Marseille,0.0
913,2030,ElectrolysisM,SMR,Nice,0.0
914,2030,ElectrolysisM,SMR,Alpin,0.0
915,2030,ElectrolysisM,SMR + CCS1,Marseille,0.0
916,2030,ElectrolysisM,SMR + CCS1,Nice,0.0
917,2030,ElectrolysisM,SMR + CCS1,Alpin,0.0
918,2030,ElectrolysisM,CCS1,Marseille,0.0
919,2030,ElectrolysisM,CCS1,Nice,0.0
920,2030,ElectrolysisM,CCS1,Alpin,0.0
921,2030,ElectrolysisM,ElectrolysisS,Marseille,0.0
922,2030,ElectrolysisM,ElectrolysisS,Nice,0.0
923,2030,ElectrolysisM,ElectrolysisS,Alpin,0.0
924,2030,ElectrolysisM,Existing SMR,Marseille,0.0
925,2030,ElectrolysisM,Existing SMR,Nice,0.0
926,2030,ElectrolysisM,Existing SMR,Alpin,0.0
927,2030,ElectrolysisM,ElectrolysisL,Marseille,0.0
928,2030,ElectrolysisM,ElectrolysisL,Nice,0.0
929,2030,ElectrolysisM,ElectrolysisL,Alpin,0.0
930,2030,ElectrolysisM,SMR + CCS2,Marseille,0.0
931,2030,ElectrolysisM,SMR + CCS2,Nice,0.0
932,2030,ElectrolysisM,SMR + CCS2,Alpin,0.0
933,2030,ElectrolysisM,Onshore wind,Marseille,0.0
934,2030,ElectrolysisM,Onshore wind,Nice,0.0
935,2030,ElectrolysisM,Onshore wind,Alpin,0.0
936,2030,CCS2,Offshore wind - floating,Marseille,0.0
937,2030,CCS2,Offshore wind - floating,Nice,0.0
938,2030,CCS2,Offshore wind - floating,Alpin,0.0
939,2030,CCS2,ElectrolysisM,Marseille,0.0
940,2030,CCS2,ElectrolysisM,Nice,0.0
941,2030,CCS2,ElectrolysisM,Alpin,0.0
942,2030,CCS2,CCS2,Marseille,0.0
943,2030,CCS2,CCS2,Nice,0.0
944,2030,CCS2,CCS2,Alpin,0.0
945,2030,CCS2,Ground PV,Marseille,0.0
946,2030,CCS2,Ground PV,Nice,0.0
947,2030,CCS2,Ground PV,Alpin,0.0
948,2030,CCS2,SMR,Marseille,0.0
949,2030,CCS2,SMR,Nice,0.0
950,2030,CCS2,SMR,Alpin,0.0
951,2030,CCS2,SMR + CCS1,Marseille,0.0
952,2030,CCS2,SMR + CCS1,Nice,0.0
953,2030,CCS2,SMR + CCS1,Alpin,0.0
954,2030,CCS2,CCS1,Marseille,0.0
955,2030,CCS2,CCS1,Nice,0.0
956,2030,CCS2,CCS1,Alpin,0.0
957,2030,CCS2,ElectrolysisS,Marseille,0.0
958,2030,CCS2,ElectrolysisS,Nice,0.0
959,2030,CCS2,ElectrolysisS,Alpin,0.0
960,2030,CCS2,Existing SMR,Marseille,0.0
961,2030,CCS2,Existing SMR,Nice,0.0
962,2030,CCS2,Existing SMR,Alpin,0.0
963,2030,CCS2,ElectrolysisL,Marseille,0.0
964,2030,CCS2,ElectrolysisL,Nice,0.0
965,2030,CCS2,ElectrolysisL,Alpin,0.0
966,2030,CCS2,SMR + CCS2,Marseille,0.0
967,2030,CCS2,SMR + CCS2,Nice,0.0
968,2030,CCS2,SMR + CCS2,Alpin,0.0
969,2030,CCS2,Onshore wind,Marseille,0.0
970,2030,CCS2,Onshore wind,Nice,0.0
971,2030,CCS2,Onshore wind,Alpin,0.0
972,2030,Ground PV,Offshore wind - floating,Marseille,0.0
973,2030,Ground PV,Offshore wind - floating,Nice,0.0
974,2030,Ground PV,Offshore wind - floating,Alpin,0.0
975,2030,Ground PV,ElectrolysisM,Marseille,0.0
976,2030,Ground PV,ElectrolysisM,Nice,0.0
977,2030,Ground PV,ElectrolysisM,Alpin,0.0
978,2030,Ground PV,CCS2,Marseille,0.0
979,2030,Ground PV,CCS2,Nice,0.0
980,2030,Ground PV,CCS2,Alpin,0.0
981,2030,Ground PV,Ground PV,Marseille,0.0
982,2030,Ground PV,Ground PV,Nice,0.0
983,2030,Ground PV,Ground PV,Alpin,0.0
984,2030,Ground PV,SMR,Marseille,0.0
985,2030,Ground PV,SMR,Nice,0.0
986,2030,Ground PV,SMR,Alpin,0.0
987,2030,Ground PV,SMR + CCS1,Marseille,0.0
988,2030,Ground PV,SMR + CCS1,Nice,0.0
989,2030,Ground PV,SMR + CCS1,Alpin,0.0
990,2030,Ground PV,CCS1,Marseille,0.0
991,2030,Ground PV,CCS1,Nice,0.0
992,2030,Ground PV,CCS1,Alpin,0.0
993,2030,Ground PV,ElectrolysisS,Marseille,0.0
994,2030,Ground PV,ElectrolysisS,Nice,0.0
995,2030,Ground PV,ElectrolysisS,Alpin,0.0
996,2030,Ground PV,Existing SMR,Marseille,0.0
997,2030,Ground PV,Existing SMR,Nice,0.0
998,2030,Ground PV,Existing SMR,Alpin,0.0
999,2030,Ground PV,ElectrolysisL,Marseille,0.0
1000,2030,Ground PV,ElectrolysisL,Nice,0.0
1001,2030,Ground PV,ElectrolysisL,Alpin,0.0
1002,2030,Ground PV,SMR + CCS2,Marseille,0.0
1003,2030,Ground PV,SMR + CCS2,Nice,0.0
1004,2030,Ground PV,SMR + CCS2,Alpin,0.0
1005,2030,Ground PV,Onshore wind,Marseille,0.0
1006,2030,Ground PV,Onshore wind,Nice,0.0
1007,2030,Ground PV,Onshore wind,Alpin,0.0
1008,2030,SMR,Offshore wind - floating,Marseille,0.0
1009,2030,SMR,Offshore wind - floating,Nice,0.0
1010,2030,SMR,Offshore wind - floating,Alpin,0.0
1011,2030,SMR,ElectrolysisM,Marseille,0.0
1012,2030,SMR,ElectrolysisM,Nice,0.0
1013,2030,SMR,ElectrolysisM,Alpin,0.0
1014,2030,SMR,CCS2,Marseille,0.0
1015,2030,SMR,CCS2,Nice,0.0
1016,2030,SMR,CCS2,Alpin,0.0
1017,2030,SMR,Ground PV,Marseille,0.0
1018,2030,SMR,Ground PV,Nice,0.0
1019,2030,SMR,Ground PV,Alpin,0.0
1020,2030,SMR,SMR,Marseille,0.0
1021,2030,SMR,SMR,Nice,0.0
1022,2030,SMR,SMR,Alpin,0.0
1023,2030,SMR,SMR + CCS1,Marseille,0.0
1024,2030,SMR,SMR + CCS1,Nice,0.0
1025,2030,SMR,SMR + CCS1,Alpin,0.0
1026,2030,SMR,CCS1,Marseille,0.0
1027,2030,SMR,CCS1,Nice,0.0
1028,2030,SMR,CCS1,Alpin,0.0
1029,2030,SMR,ElectrolysisS,Marseille,0.0
1030,2030,SMR,ElectrolysisS,Nice,0.0
1031,2030,SMR,ElectrolysisS,Alpin,0.0
1032,2030,SMR,Existing SMR,Marseille,0.0
1033,2030,SMR,Existing SMR,Nice,0.0
1034,2030,SMR,Existing SMR,Alpin,0.0
1035,2030,SMR,ElectrolysisL,Marseille,0.0
1036,2030,SMR,ElectrolysisL,Nice,0.0
1037,2030,SMR,ElectrolysisL,Alpin,0.0
1038,2030,SMR,SMR + CCS2,Marseille,0.0
1039,2030,SMR,SMR + CCS2,Nice,0.0
1040,2030,SMR,SMR + CCS2,Alpin,0.0
1041,2030,SMR,Onshore wind,Marseille,0.0
1042,2030,SMR,Onshore wind,Nice,0.0
1043,2030,SMR,Onshore wind,Alpin,0.0
1044,2030,SMR + CCS1,Offshore wind - floating,Marseille,0.0
1045,2030,SMR + CCS1,Offshore wind - floating,Nice,0.0
1046,2030,SMR + CCS1,Offshore wind - floating,Alpin,0.0
1047,2030,SMR + CCS1,ElectrolysisM,Marseille,0.0
1048,2030,SMR + CCS1,ElectrolysisM,Nice,0.0
1049,2030,SMR + CCS1,ElectrolysisM,Alpin,0.0
1050,2030,SMR + CCS1,CCS2,Marseille,0.0
1051,2030,SMR + CCS1,CCS2,Nice,0.0
1052,2030,SMR + CCS1,CCS2,Alpin,0.0
1053,2030,SMR + CCS1,Ground PV,Marseille,0.0
1054,2030,SMR + CCS1,Ground PV,Nice,0.0
1055,2030,SMR + CCS1,Ground PV,Alpin,0.0
1056,2030,SMR + CCS1,SMR,Marseille,0.0
1057,2030,SMR + CCS1,SMR,Nice,0.0
1058,2030,SMR + CCS1,SMR,Alpin,0.0
1059,2030,SMR + CCS1,SMR + CCS1,Marseille,0.0
1060,2030,SMR + CCS1,SMR + CCS1,Nice,0.0
1061,2030,SMR + CCS1,SMR + CCS1,Alpin,0.0
1062,2030,SMR + CCS1,CCS1,Marseille,0.0
1063,2030,SMR + CCS1,CCS1,Nice,0.0
1064,2030,SMR + CCS1,CCS1,Alpin,0.0
1065,2030,SMR + CCS1,ElectrolysisS,Marseille,0.0
1066,2030,SMR + CCS1,ElectrolysisS,Nice,0.0
1067,2030,SMR + CCS1,ElectrolysisS,Alpin,0.0
1068,2030,SMR + CCS1,Existing SMR,Marseille,0.0
1069,2030,SMR + CCS1,Existing SMR,Nice,0.0
1070,2030,SMR + CCS1,Existing SMR,Alpin,0.0
1071,2030,SMR + CCS1,ElectrolysisL,Marseille,0.0
1072,2030,SMR + CCS1,ElectrolysisL,Nice,0.0
1073,2030,SMR + CCS1,ElectrolysisL,Alpin,0.0
1074,2030,SMR + CCS1,SMR + CCS2,Marseille,0.0
1075,2030,SMR + CCS1,SMR + CCS2,Nice,0.0
1076,2030,SMR + CCS1,SMR + CCS2,Alpin,0.0
1077,2030,SMR + CCS1,Onshore wind,Marseille,0.0
1078,2030,SMR + CCS1,Onshore wind,Nice,0.0
1079,2030,SMR + CCS1,Onshore wind,Alpin,0.0
1080,2030,CCS1,Offshore wind - floating,Marseille,0.0
1081,2030,CCS1,Offshore wind - floating,Nice,0.0
1082,2030,CCS1,Offshore wind - floating,Alpin,0.0
1083,2030,CCS1,ElectrolysisM,Marseille,0.0
1084,2030,CCS1,ElectrolysisM,Nice,0.0
1085,2030,CCS1,ElectrolysisM,Alpin,0.0
1086,2030,CCS1,CCS2,Marseille,0.0
1087,2030,CCS1,CCS2,Nice,0.0
1088,2030,CCS1,CCS2,Alpin,0.0
1089,2030,CCS1,Ground PV,Marseille,0.0
1090,2030,CCS1,Ground PV,Nice,0.0
1091,2030,CCS1,Ground PV,Alpin,0.0
1092,2030,CCS1,SMR,Marseille,0.0
1093,2030,CCS1,SMR,Nice,0.0
1094,2030,CCS1,SMR,Alpin,0.0
1095,2030,CCS1,SMR + CCS1,Marseille,0.0
1096,2030,CCS1,SMR + CCS1,Nice,0.0
1097,2030,CCS1,SMR + CCS1,Alpin,0.0
1098,2030,CCS1,CCS1,Marseille,0.0
1099,2030,CCS1,CCS1,Nice,0.0
1100,2030,CCS1,CCS1,Alpin,0.0
1101,2030,CCS1,ElectrolysisS,Marseille,0.0
1102,2030,CCS1,ElectrolysisS,Nice,0.0
1103,2030,CCS1,ElectrolysisS,Alpin,0.0
1104,2030,CCS1,Existing SMR,Marseille,0.0
1105,2030,CCS1,Existing SMR,Nice,0.0
1106,2030,CCS1,Existing SMR,Alpin,0.0
1107,2030,CCS1,ElectrolysisL,Marseille,0.0
1108,2030,CCS1,ElectrolysisL,Nice,0.0
1109,2030,CCS1,ElectrolysisL,Alpin,0.0
1110,2030,CCS1,SMR + CCS2,Marseille,0.0
1111,2030,CCS1,SMR + CCS2,Nice,0.0
1112,2030,CCS1,SMR + CCS2,Alpin,0.0
1113,2030,CCS1,Onshore wind,Marseille,0.0
1114,2030,CCS1,Onshore wind,Nice,0.0
1115,2030,CCS1,Onshore wind,Alpin,0.0
1116,2030,ElectrolysisS,Offshore wind - floating,Marseille,0.0
1117,2030,ElectrolysisS,Offshore wind - floating,Nice,0.0
1118,2030,ElectrolysisS,Offshore wind - floating,Alpin,0.0
1119,2030,ElectrolysisS,ElectrolysisM,Marseille,0.0
1120,2030,ElectrolysisS,ElectrolysisM,Nice,0.0
1121,2030,ElectrolysisS,ElectrolysisM,Alpin,0.0
1122,2030,ElectrolysisS,CCS2,Marseille,0.0
1123,2030,ElectrolysisS,CCS2,Nice,0.0
1124,2030,ElectrolysisS,CCS2,Alpin,0.0
1125,2030,ElectrolysisS,Ground PV,Marseille,0.0
1126,2030,ElectrolysisS,Ground PV,Nice,0.0
1127,2030,ElectrolysisS,Ground PV,Alpin,0.0
1128,2030,ElectrolysisS,SMR,Marseille,0.0
1129,2030,ElectrolysisS,SMR,Nice,0.0
1130,2030,ElectrolysisS,SMR,Alpin,0.0
1131,2030,ElectrolysisS,SMR + CCS1,Marseille,0.0
1132,2030,ElectrolysisS,SMR + CCS1,Nice,0.0
1133,2030,ElectrolysisS,SMR + CCS1,Alpin,0.0
1134,2030,ElectrolysisS,CCS1,Marseille,0.0
1135,2030,ElectrolysisS,CCS1,Nice,0.0
1136,2030,ElectrolysisS,CCS1,Alpin,0.0
1137,2030,ElectrolysisS,ElectrolysisS,Marseille,0.0
1138,2030,ElectrolysisS,ElectrolysisS,Nice,0.0
1139,2030,ElectrolysisS,ElectrolysisS,Alpin,0.0
1140,2030,ElectrolysisS,Existing SMR,Marseille,0.0
1141,2030,ElectrolysisS,Existing SMR,Nice,0.0
1142,2030,ElectrolysisS,Existing SMR,Alpin,0.0
1143,2030,ElectrolysisS,ElectrolysisL,Marseille,0.0
1144,2030,ElectrolysisS,ElectrolysisL,Nice,0.0
1145,2030,ElectrolysisS,ElectrolysisL,Alpin,0.0
1146,2030,ElectrolysisS,SMR + CCS2,Marseille,0.0
1147,2030,ElectrolysisS,SMR + CCS2,Nice,0.0
1148,2030,ElectrolysisS,SMR + CCS2,Alpin,0.0
1149,2030,ElectrolysisS,Onshore wind,Marseille,0.0
1150,2030,ElectrolysisS,Onshore wind,Nice,0.0
1151,2030,ElectrolysisS,Onshore wind,Alpin,0.0
1152,2030,Existing SMR,Offshore wind - floating,Marseille,0.0
1153,2030,Existing SMR,Offshore wind - floating,Nice,0.0
1154,2030,Existing SMR,Offshore wind - floating,Alpin,0.0
1155,2030,Existing SMR,ElectrolysisM,Marseille,0.0
1156,2030,Existing SMR,ElectrolysisM,Nice,0.0
1157,2030,Existing SMR,ElectrolysisM,Alpin,0.0
1158,2030,Existing SMR,CCS2,Marseille,0.0
1159,2030,Existing SMR,CCS2,Nice,0.0
1160,2030,Existing SMR,CCS2,Alpin,0.0
1161,2030,Existing SMR,Ground PV,Marseille,0.0
1162,2030,Existing SMR,Ground PV,Nice,0.0
1163,2030,Existing SMR,Ground PV,Alpin,0.0
1164,2030,Existing SMR,SMR,Marseille,0.0
1165,2030,Existing SMR,SMR,Nice,0.0
1166,2030,Existing SMR,SMR,Alpin,0.0
1167,2030,Existing SMR,SMR + CCS1,Marseille,0.0
1168,2030,Existing SMR,SMR + CCS1,Nice,0.0
1169,2030,Existing SMR,SMR + CCS1,Alpin,0.0
1170,2030,Existing SMR,CCS1,Marseille,0.0
1171,2030,Existing SMR,CCS1,Nice,0.0
1172,2030,Existing SMR,CCS1,Alpin,0.0
1173,2030,Existing SMR,ElectrolysisS,Marseille,0.0
1174,2030,Existing SMR,ElectrolysisS,Nice,0.0
1175,2030,Existing SMR,ElectrolysisS,Alpin,0.0
1176,2030,Existing SMR,Existing SMR,Marseille,0.0
1177,2030,Existing SMR,Existing SMR,Nice,0.0
1178,2030,Existing SMR,Existing SMR,Alpin,0.0
1179,2030,Existing SMR,ElectrolysisL,Marseille,0.0
1180,2030,Existing SMR,ElectrolysisL,Nice,0.0
1181,2030,Existing SMR,ElectrolysisL,Alpin,0.0
1182,2030,Existing SMR,SMR + CCS2,Marseille,0.0
1183,2030,Existing SMR,SMR + CCS2,Nice,0.0
1184,2030,Existing SMR,SMR + CCS2,Alpin,0.0
1185,2030,Existing SMR,Onshore wind,Marseille,0.0
1186,2030,Existing SMR,Onshore wind,Nice,0.0
1187,2030,Existing SMR,Onshore wind,Alpin,0.0
1188,2030,ElectrolysisL,Offshore wind - floating,Marseille,0.0
1189,2030,ElectrolysisL,Offshore wind - floating,Nice,0.0
1190,2030,ElectrolysisL,Offshore wind - floating,Alpin,0.0
1191,2030,ElectrolysisL,ElectrolysisM,Marseille,0.0
1192,2030,ElectrolysisL,ElectrolysisM,Nice,0.0
1193,2030,ElectrolysisL,ElectrolysisM,Alpin,0.0
1194,2030,ElectrolysisL,CCS2,Marseille,0.0
1195,2030,ElectrolysisL,CCS2,Nice,0.0
1196,2030,ElectrolysisL,CCS2,Alpin,0.0
1197,2030,ElectrolysisL,Ground PV,Marseille,0.0
1198,2030,ElectrolysisL,Ground PV,Nice,0.0
1199,2030,ElectrolysisL,Ground PV,Alpin,0.0
1200,2030,ElectrolysisL,SMR,Marseille,0.0
1201,2030,ElectrolysisL,SMR,Nice,0.0
1202,2030,ElectrolysisL,SMR,Alpin,0.0
1203,2030,ElectrolysisL,SMR + CCS1,Marseille,0.0
1204,2030,ElectrolysisL,SMR + CCS1,Nice,0.0
1205,2030,ElectrolysisL,SMR + CCS1,Alpin,0.0
1206,2030,ElectrolysisL,CCS1,Marseille,0.0
1207,2030,ElectrolysisL,CCS1,Nice,0.0
1208,2030,ElectrolysisL,CCS1,Alpin,0.0
1209,2030,ElectrolysisL,ElectrolysisS,Marseille,0.0
1210,2030,ElectrolysisL,ElectrolysisS,Nice,0.0
1211,2030,ElectrolysisL,ElectrolysisS,Alpin,0.0
1212,2030,ElectrolysisL,Existing SMR,Marseille,0.0
1213,2030,ElectrolysisL,Existing SMR,Nice,0.0
1214,2030,ElectrolysisL,Existing SMR,Alpin,0.0
1215,2030,ElectrolysisL,ElectrolysisL,Marseille,0.0
1216,2030,ElectrolysisL,ElectrolysisL,Nice,0.0
1217,2030,ElectrolysisL,ElectrolysisL,Alpin,0.0
1218,2030,ElectrolysisL,SMR + CCS2,Marseille,0.0
1219,2030,ElectrolysisL,SMR + CCS2,Nice,0.0
1220,2030,ElectrolysisL,SMR + CCS2,Alpin,0.0
1221,2030,ElectrolysisL,Onshore wind,Marseille,0.0
1222,2030,ElectrolysisL,Onshore wind,Nice,0.0
1223,2030,ElectrolysisL,Onshore wind,Alpin,0.0
1224,2030,SMR + CCS2,Offshore wind - floating,Marseille,0.0
1225,2030,SMR + CCS2,Offshore wind - floating,Nice,0.0
1226,2030,SMR + CCS2,Offshore wind - floating,Alpin,0.0
1227,2030,SMR + CCS2,ElectrolysisM,Marseille,0.0
1228,2030,SMR + CCS2,ElectrolysisM,Nice,0.0
1229,2030,SMR + CCS2,ElectrolysisM,Alpin,0.0
1230,2030,SMR + CCS2,CCS2,Marseille,0.0
1231,2030,SMR + CCS2,CCS2,Nice,0.0
1232,2030,SMR + CCS2,CCS2,Alpin,0.0
1233,2030,SMR + CCS2,Ground PV,Marseille,0.0
1234,2030,SMR + CCS2,Ground PV,Nice,0.0
1235,2030,SMR + CCS2,Ground PV,Alpin,0.0
1236,2030,SMR + CCS2,SMR,Marseille,0.0
1237,2030,SMR + CCS2,SMR,Nice,0.0
1238,2030,SMR + CCS2,SMR,Alpin,0.0
1239,2030,SMR + CCS2,SMR + CCS1,Marseille,0.0
1240,2030,SMR + CCS2,SMR + CCS1,Nice,0.0
1241,2030,SMR + CCS2,SMR + CCS1,Alpin,0.0
1242,2030,SMR + CCS2,CCS1,Marseille,0.0
1243,2030,SMR + CCS2,CCS1,Nice,0.0
1244,2030,SMR + CCS2,CCS1,Alpin,0.0
1245,2030,SMR + CCS2,ElectrolysisS,Marseille,0.0
1246,2030,SMR + CCS2,ElectrolysisS,Nice,0.0
1247,2030,SMR + CCS2,ElectrolysisS,Alpin,0.0
1248,2030,SMR + CCS2,Existing SMR,Marseille,0.0
1249,2030,SMR + CCS2,Existing SMR,Nice,0.0
1250,2030,SMR + CCS2,Existing SMR,Alpin,0.0
1251,2030,SMR + CCS2,ElectrolysisL,Marseille,0.0
1252,2030,SMR + CCS2,ElectrolysisL,Nice,0.0
1253,2030,SMR + CCS2,ElectrolysisL,Alpin,0.0
1254,2030,SMR + CCS2,SMR + CCS2,Marseille,0.0
1255,2030,SMR + CCS2,SMR + CCS2,Nice,0.0
1256,2030,SMR + CCS2,SMR + CCS2,Alpin,0.0
1257,2030,SMR + CCS2,Onshore wind,Marseille,0.0
1258,2030,SMR + CCS2,Onshore wind,Nice,0.0
1259,2030,SMR + CCS2,Onshore wind,Alpin,0.0
1260,2030,Onshore wind,Offshore wind - floating,Marseille,0.0
1261,2030,Onshore wind,Offshore wind - floating,Nice,0.0
1262,2030,Onshore wind,Offshore wind - floating,Alpin,0.0
1263,2030,Onshore wind,ElectrolysisM,Marseille,0.0
1264,2030,Onshore wind,ElectrolysisM,Nice,0.0
1265,2030,Onshore wind,ElectrolysisM,Alpin,0.0
1266,2030,Onshore wind,CCS2,Marseille,0.0
1267,2030,Onshore wind,CCS2,Nice,0.0
1268,2030,Onshore wind,CCS2,Alpin,0.0
1269,2030,Onshore wind,Ground PV,Marseille,0.0
1270,2030,Onshore wind,Ground PV,Nice,0.0
1271,2030,Onshore wind,Ground PV,Alpin,0.0
1272,2030,Onshore wind,SMR,Marseille,0.0
1273,2030,Onshore wind,SMR,Nice,0.0
1274,2030,Onshore wind,SMR,Alpin,0.0
1275,2030,Onshore wind,SMR + CCS1,Marseille,0.0
1276,2030,Onshore wind,SMR + CCS1,Nice,0.0
1277,2030,Onshore wind,SMR + CCS1,Alpin,0.0
1278,2030,Onshore wind,CCS1,Marseille,0.0
1279,2030,Onshore wind,CCS1,Nice,0.0
1280,2030,Onshore wind,CCS1,Alpin,0.0
1281,2030,Onshore wind,ElectrolysisS,Marseille,0.0
1282,2030,Onshore wind,ElectrolysisS,Nice,0.0
1283,2030,Onshore wind,ElectrolysisS,Alpin,0.0
1284,2030,Onshore wind,Existing SMR,Marseille,0.0
1285,2030,Onshore wind,Existing SMR,Nice,0.0
1286,2030,Onshore wind,Existing SMR,Alpin,0.0
1287,2030,Onshore wind,ElectrolysisL,Marseille,0.0
1288,2030,Onshore wind,ElectrolysisL,Nice,0.0
1289,2030,Onshore wind,ElectrolysisL,Alpin,0.0
1290,2030,Onshore wind,SMR + CCS2,Marseille,0.0
1291,2030,Onshore wind,SMR + CCS2,Nice,0.0
1292,2030,Onshore wind,SMR + CCS2,Alpin,0.0
1293,2030,Onshore wind,Onshore wind,Marseille,0.0
1294,2030,Onshore wind,Onshore wind,Nice,0.0
1295,2030,Onshore wind,Onshore wind,Alpin,0.0
